<environmentvariabledefinition schemaname="cr3df_AzureOpenAIURI">
  <defaultvalue>https://cog-n2tpczofycwlm.openai.azure.com/openai/deployments/gpt35/chat/completions</defaultvalue>
  <description default="Example: https://openai-endpoint.openai.azure.com/openai/deployments/chat/completions">
    <label description="Example: https://openai-endpoint.openai.azure.com/openai/deployments/chat/completions" languagecode="1033" />
  </description>
  <displayname default="Azure Open AI URI">
    <label description="Azure Open AI URI" languagecode="1033" />
  </displayname>
  <introducedversion>1.0.0.2</introducedversion>
  <iscustomizable>1</iscustomizable>
  <isrequired>0</isrequired>
  <secretstore>0</secretstore>
  <type>100000000</type>
</environmentvariabledefinition>