<environmentvariabledefinition schemaname="cr3df_AzureBlobStorageURL">
  <defaultvalue>https://stn2tpczofycwlm.blob.core.windows.net/content</defaultvalue>
  <displayname default="Azure Blob Storage URL">
    <label description="Azure Blob Storage URL" languagecode="1033" />
  </displayname>
  <introducedversion>1.0.0.3</introducedversion>
  <iscustomizable>1</iscustomizable>
  <isrequired>0</isrequired>
  <secretstore>0</secretstore>
  <type>100000000</type>
</environmentvariabledefinition>